<?xml version="1.0" encoding="UTF-8"?>
<project>
  <core name="" type="" target="">
    <kernel name="fir" language="c" vlnv="xilinx.com:hls:fir:1.0" attributes="" hash="" preferredWorkGroupSizeMultiple="0" workGroupSize="1" debug="false" interrupt="true">
      <port name="S_AXI_CONTROL" mode="slave" range="0x1000" portType="addressable" base="0x00000000"/>
      <arg name="y" addressQualifier="0" id="0" port="S_AXI_CONTROL" size="0x4" offset="0x10" hostOffset="0x0" hostSize="0x4" type=""/>
      <arg name="x" addressQualifier="0" id="1" port="S_AXI_CONTROL" size="0x4" offset="0x20" hostOffset="0x0" hostSize="0x4" type=""/>
      <compileWorkGroupSize x="1" y="1" z="1"/>
    </kernel>
  </core>
</project>
