{"sourceFile": [{
      "name": "",
      "directive": [
        {
          "functionName": "fir",
          "label": "",
          "functionLabel": "",
          "id": "1",
          "sourceFile": "C:\/Users\/srpae\/OneDrive\/Documents\/UCSD\/WES237C\/project1\/FIR_128_1\/FIR_128\/solution1\/directives.tcl",
          "sourceLine": "6",
          "pragma": {
            "name": "INTERFACE",
            "option": [
              {
                "name": "s_axilite",
                "value": ""
              },
              {
                "name": "port",
                "value": "y"
              }
            ]
          }
        },
        {
          "functionName": "fir",
          "label": "",
          "functionLabel": "",
          "id": "2",
          "sourceFile": "C:\/Users\/srpae\/OneDrive\/Documents\/UCSD\/WES237C\/project1\/FIR_128_1\/FIR_128\/solution1\/directives.tcl",
          "sourceLine": "7",
          "pragma": {
            "name": "INTERFACE",
            "option": [
              {
                "name": "s_axilite",
                "value": ""
              },
              {
                "name": "port",
                "value": "x"
              }
            ]
          }
        },
        {
          "functionName": "fir",
          "label": "",
          "functionLabel": "",
          "id": "3",
          "sourceFile": "C:\/Users\/srpae\/OneDrive\/Documents\/UCSD\/WES237C\/project1\/FIR_128_1\/FIR_128\/solution1\/csynth.tcl",
          "sourceLine": "17",
          "pragma": {
            "name": "TOP",
            "option": [{
                "name": "name",
                "value": "fir"
              }]
          }
        }
      ]
    }]}
