<?xml version="1.0" encoding="utf-8"?>
<BindInfo>
	<BindNode BINDTYPE="op" DISPLAY="bind_op icmp" ID="" IMPL="auto" LATENCY="0" OPTYPE="icmp" PRAGMA="" RTLNAME="icmp_ln29_fu_155_p2" SOURCE="../fir128/fir.cpp:29" VARIABLE="icmp_ln29" MODULE="fir_Pipeline_Shift_Accum_Loop" LOOP="Shift_Accum_Loop" BUNDLEDNAME="" DSP="0" BRAM="0" URAM="0"/>
	<BindNode BINDTYPE="op" DISPLAY="bind_op add" ID="" IMPL="fabric" LATENCY="0" OPTYPE="add" PRAGMA="" RTLNAME="add_ln34_fu_161_p2" SOURCE="../fir128/fir.cpp:34" VARIABLE="add_ln34" MODULE="fir_Pipeline_Shift_Accum_Loop" LOOP="Shift_Accum_Loop" BUNDLEDNAME="" DSP="0" BRAM="0" URAM="0"/>
	<BindNode BINDTYPE="op" DISPLAY="bind_op mul" ID="" IMPL="auto" LATENCY="1" OPTYPE="mul" PRAGMA="" RTLNAME="mul_6s_32s_32_2_1_U1" SOURCE="../fir128/fir.cpp:35" VARIABLE="mul_ln35" MODULE="fir_Pipeline_Shift_Accum_Loop" LOOP="Shift_Accum_Loop" BUNDLEDNAME="" DSP="1" BRAM="0" URAM="0"/>
	<BindNode BINDTYPE="op" DISPLAY="bind_op add" ID="" IMPL="fabric" LATENCY="0" OPTYPE="add" PRAGMA="" RTLNAME="acc_1_fu_190_p2" SOURCE="../fir128/fir.cpp:23" VARIABLE="acc_1" MODULE="fir_Pipeline_Shift_Accum_Loop" LOOP="Shift_Accum_Loop" BUNDLEDNAME="" DSP="0" BRAM="0" URAM="0"/>
	<BindNode BINDTYPE="op" DISPLAY="bind_op add" ID="" IMPL="fabric" LATENCY="0" OPTYPE="add" PRAGMA="" RTLNAME="add_ln28_fu_172_p2" SOURCE="../fir128/fir.cpp:28" VARIABLE="add_ln28" MODULE="fir_Pipeline_Shift_Accum_Loop" LOOP="Shift_Accum_Loop" BUNDLEDNAME="" DSP="0" BRAM="0" URAM="0"/>
	<BindNode BINDTYPE="storage" DISPLAY="bind_storage ram_t2p" ID="" IMPL="auto" LATENCY="1" OPTYPE="ram_t2p" PRAGMA="" RTLNAME="shift_reg_U" SOURCE="" VARIABLE="shift_reg" MODULE="fir_Pipeline_Shift_Accum_Loop" LOOP="" BUNDLEDNAME="" DSP="0" BRAM="2" URAM="0"/>
	<BindNode BINDTYPE="storage" DISPLAY="bind_storage rom_1p" ID="" IMPL="auto" LATENCY="1" OPTYPE="rom_1p" PRAGMA="" RTLNAME="fir_int_int_c_U" SOURCE="" VARIABLE="fir_int_int_c" MODULE="fir_Pipeline_Shift_Accum_Loop" LOOP="" BUNDLEDNAME="" DSP="0" BRAM="1" URAM="0"/>
	<BindNode BINDTYPE="op" DISPLAY="bind_op add" ID="" IMPL="fabric" LATENCY="0" OPTYPE="add" PRAGMA="" RTLNAME="mul_fu_85_p2" SOURCE="" VARIABLE="mul" MODULE="fir" LOOP="" BUNDLEDNAME="" DSP="0" BRAM="0" URAM="0"/>
	<BindNode BINDTYPE="adapter" DISPLAY="bind_adapter axilite" ID="" IMPL="" LATENCY="" OPTYPE="" PRAGMA="yes" RTLNAME="control_s_axi_U" SOURCE="" VARIABLE="" MODULE="fir" LOOP="" BUNDLEDNAME="control" DSP="0" BRAM="0" URAM="0"/>
</BindInfo>
