<xilinx:hls_fe_msgs>
    <msg msg_groups="PRAGMA_VERBOSE_DUMP" msg_id="207-5471" msg_severity="WARNING" msg_loc="C:/Users/srpae/OneDrive/Documents/UCSD/WES237C/project1/FIR_128_1/FIR_128/solution1/csynth.tcl:17:9" msg_body="HLS pragma dump">
        <args ARG_PragmaContext="directive" ARG_PragmaFunction="fir" ARG_PragmaIsValid="1" ARG_PragmaOptions="name=fir" ARG_PragmaType="top" ClangWarningOption="dump-hls-pragmas"/>
    </msg>
    <msg msg_groups="PRAGMA_VERBOSE_DUMP" msg_id="207-5471" msg_severity="WARNING" msg_loc="C:/Users/srpae/OneDrive/Documents/UCSD/WES237C/project1/FIR_128_1/FIR_128/solution1/directives.tcl:6:9" msg_body="HLS pragma dump">
        <args ARG_PragmaContext="directive" ARG_PragmaFunction="fir" ARG_PragmaIsValid="1" ARG_PragmaOptions="s_axilite port=y" ARG_PragmaType="interface" ClangWarningOption="dump-hls-pragmas"/>
    </msg>
    <msg msg_groups="PRAGMA_VERBOSE_DUMP" msg_id="207-5471" msg_severity="WARNING" msg_loc="C:/Users/srpae/OneDrive/Documents/UCSD/WES237C/project1/FIR_128_1/FIR_128/solution1/directives.tcl:7:9" msg_body="HLS pragma dump">
        <args ARG_PragmaContext="directive" ARG_PragmaFunction="fir" ARG_PragmaIsValid="1" ARG_PragmaOptions="s_axilite port=x" ARG_PragmaType="interface" ClangWarningOption="dump-hls-pragmas"/>
    </msg>
    <msg msg_groups="PRAGMA_VERBOSE_DUMP" msg_id="207-5471" msg_severity="WARNING" msg_loc="../fir128/fir.cpp:20:9" msg_body="HLS pragma dump">
        <args ARG_PragmaFunction="fir" ARG_PragmaIsValid="1" ARG_PragmaOptions="s_axilite port=return" ARG_PragmaType="interface" ClangWarningOption="dump-hls-pragmas"/>
    </msg>
</xilinx:hls_fe_msgs>

