<stg><name>fir</name>


<trans_list>

<trans id="22" from="1" to="2">
<condition id="-1">
<or_exp><and_exp></and_exp></or_exp>
</condition>
</trans>

<trans id="23" from="2" to="3">
<condition id="-1">
<or_exp><and_exp></and_exp></or_exp>
</condition>
</trans>
</trans_list>



<state_list>

<state id="1" st_id="1">

<operation id="4" st_id="1" stage="1" lat="1">
<core>s_axilite</core>
<MemPortIdVec></MemPortIdVec>
<condition id="-1">
<or_exp><and_exp></and_exp></or_exp>
</condition>

<Node id="5" bw="32" op_0_bw="32" op_1_bw="32">
<![CDATA[
entry:0 %x_read = read i32 @_ssdm_op_Read.s_axilite.i32, i32 %x

]]></Node>
<StgValue><ssdm name="x_read"/></StgValue>
</operation>

<operation id="5" st_id="1" stage="1" lat="1">
<core>NULL</core>
<MemPortIdVec></MemPortIdVec>
<condition id="-1">
<or_exp><and_exp></and_exp></or_exp>
</condition>

<Node id="6" bw="32" op_0_bw="64">
<![CDATA[
entry:1 %acc_loc = alloca i64 1

]]></Node>
<StgValue><ssdm name="acc_loc"/></StgValue>
</operation>

<operation id="6" st_id="1" stage="1" lat="1">
<core>NULL</core>
<MemPortIdVec></MemPortIdVec>
<condition id="-1">
<or_exp><and_exp></and_exp></or_exp>
</condition>

<Node id="15" bw="32" op_0_bw="32" op_1_bw="32">
<![CDATA[
entry:10 %empty = shl i32 %x_read, i32 3

]]></Node>
<StgValue><ssdm name="empty"/></StgValue>
</operation>

<operation id="7" st_id="1" stage="1" lat="1">
<core>NULL</core>
<MemPortIdVec></MemPortIdVec>
<condition id="-1">
<or_exp><and_exp></and_exp></or_exp>
</condition>

<Node id="16" bw="32" op_0_bw="32" op_1_bw="32">
<![CDATA[
entry:11 %empty_11 = shl i32 %x_read, i32 1

]]></Node>
<StgValue><ssdm name="empty_11"/></StgValue>
</operation>

<operation id="8" st_id="1" stage="1" lat="1">
<core>Adder</core>
<MemPortIdVec></MemPortIdVec>
<condition id="-1">
<or_exp><and_exp></and_exp></or_exp>
</condition>

<Node id="17" bw="32" op_0_bw="32" op_1_bw="32">
<![CDATA[
entry:12 %mul = add i32 %empty, i32 %empty_11

]]></Node>
<StgValue><ssdm name="mul"/></StgValue>
</operation>

<operation id="9" st_id="1" stage="2" lat="2">
<core></core>
<MemPortIdVec></MemPortIdVec>
<condition id="-1">
<or_exp><and_exp></and_exp></or_exp>
</condition>

<Node id="18" bw="0" op_0_bw="0" op_1_bw="32" op_2_bw="32" op_3_bw="32" op_4_bw="32" op_5_bw="32">
<![CDATA[
entry:13 %call_ln0 = call void @fir_Pipeline_Shift_Accum_Loop, i32 %mul, i32 %x_read, i32 %acc_loc, i32 %shift_reg, i32 %fir_int_int_c

]]></Node>
<StgValue><ssdm name="call_ln0"/></StgValue>
</operation>
</state>

<state id="2" st_id="2">

<operation id="10" st_id="2" stage="1" lat="2">
<core></core>
<MemPortIdVec></MemPortIdVec>
<condition id="-1">
<or_exp><and_exp></and_exp></or_exp>
</condition>

<Node id="18" bw="0" op_0_bw="0" op_1_bw="32" op_2_bw="32" op_3_bw="32" op_4_bw="32" op_5_bw="32">
<![CDATA[
entry:13 %call_ln0 = call void @fir_Pipeline_Shift_Accum_Loop, i32 %mul, i32 %x_read, i32 %acc_loc, i32 %shift_reg, i32 %fir_int_int_c

]]></Node>
<StgValue><ssdm name="call_ln0"/></StgValue>
</operation>
</state>

<state id="3" st_id="3">

<operation id="11" st_id="3" stage="1" lat="1">
<core>NULL</core>
<MemPortIdVec></MemPortIdVec>
<condition id="-1">
<or_exp><and_exp></and_exp></or_exp>
</condition>

<Node id="7" bw="0" op_0_bw="0" op_1_bw="0">
<![CDATA[
entry:2 %spectopmodule_ln15 = spectopmodule void @_ssdm_op_SpecTopModule, void @empty_5

]]></Node>
<StgValue><ssdm name="spectopmodule_ln15"/></StgValue>
</operation>

<operation id="12" st_id="3" stage="1" lat="1">
<core>NULL</core>
<MemPortIdVec></MemPortIdVec>
<condition id="-1">
<or_exp><and_exp></and_exp></or_exp>
</condition>

<Node id="8" bw="0" op_0_bw="0" op_1_bw="32">
<![CDATA[
entry:3 %specbitsmap_ln0 = specbitsmap void @_ssdm_op_SpecBitsMap, i32 %y

]]></Node>
<StgValue><ssdm name="specbitsmap_ln0"/></StgValue>
</operation>

<operation id="13" st_id="3" stage="1" lat="1">
<core>NULL</core>
<MemPortIdVec></MemPortIdVec>
<condition id="-1">
<or_exp><and_exp></and_exp></or_exp>
</condition>

<Node id="9" bw="0" op_0_bw="0" op_1_bw="32" op_2_bw="0" op_3_bw="32" op_4_bw="32" op_5_bw="0" op_6_bw="32" op_7_bw="32" op_8_bw="0" op_9_bw="0" op_10_bw="0" op_11_bw="32" op_12_bw="32" op_13_bw="32" op_14_bw="32" op_15_bw="0" op_16_bw="0" op_17_bw="32" op_18_bw="32">
<![CDATA[
entry:4 %specinterface_ln0 = specinterface void @_ssdm_op_SpecInterface, i32 %y, void @empty, i32 0, i32 0, void @empty_0, i32 0, i32 0, void @empty_1, void @empty_2, void @empty_0, i32 0, i32 0, i32 0, i32 0, void @empty_0, void @empty_0, i32 4294967295, i32 0

]]></Node>
<StgValue><ssdm name="specinterface_ln0"/></StgValue>
</operation>

<operation id="14" st_id="3" stage="1" lat="1">
<core>NULL</core>
<MemPortIdVec></MemPortIdVec>
<condition id="-1">
<or_exp><and_exp></and_exp></or_exp>
</condition>

<Node id="10" bw="0" op_0_bw="0" op_1_bw="32" op_2_bw="0" op_3_bw="32" op_4_bw="32" op_5_bw="0" op_6_bw="32" op_7_bw="32" op_8_bw="0" op_9_bw="0" op_10_bw="0" op_11_bw="32" op_12_bw="32" op_13_bw="32" op_14_bw="32" op_15_bw="0" op_16_bw="0" op_17_bw="32" op_18_bw="32">
<![CDATA[
entry:5 %specinterface_ln0 = specinterface void @_ssdm_op_SpecInterface, i32 %y, void @empty_3, i32 0, i32 0, void @empty_0, i32 0, i32 0, void @empty_0, void @empty_0, void @empty_0, i32 0, i32 0, i32 0, i32 0, void @empty_0, void @empty_0, i32 4294967295, i32 0

]]></Node>
<StgValue><ssdm name="specinterface_ln0"/></StgValue>
</operation>

<operation id="15" st_id="3" stage="1" lat="1">
<core>NULL</core>
<MemPortIdVec></MemPortIdVec>
<condition id="-1">
<or_exp><and_exp></and_exp></or_exp>
</condition>

<Node id="11" bw="0" op_0_bw="0" op_1_bw="32">
<![CDATA[
entry:6 %specbitsmap_ln0 = specbitsmap void @_ssdm_op_SpecBitsMap, i32 %x

]]></Node>
<StgValue><ssdm name="specbitsmap_ln0"/></StgValue>
</operation>

<operation id="16" st_id="3" stage="1" lat="1">
<core>NULL</core>
<MemPortIdVec></MemPortIdVec>
<condition id="-1">
<or_exp><and_exp></and_exp></or_exp>
</condition>

<Node id="12" bw="0" op_0_bw="0" op_1_bw="32" op_2_bw="0" op_3_bw="32" op_4_bw="32" op_5_bw="0" op_6_bw="32" op_7_bw="32" op_8_bw="0" op_9_bw="0" op_10_bw="0" op_11_bw="32" op_12_bw="32" op_13_bw="32" op_14_bw="32" op_15_bw="0" op_16_bw="0" op_17_bw="32" op_18_bw="32">
<![CDATA[
entry:7 %specinterface_ln0 = specinterface void @_ssdm_op_SpecInterface, i32 %x, void @empty, i32 0, i32 0, void @empty_0, i32 0, i32 0, void @empty_1, void @empty_4, void @empty_0, i32 0, i32 0, i32 0, i32 0, void @empty_0, void @empty_0, i32 4294967295, i32 0

]]></Node>
<StgValue><ssdm name="specinterface_ln0"/></StgValue>
</operation>

<operation id="17" st_id="3" stage="1" lat="1">
<core>NULL</core>
<MemPortIdVec></MemPortIdVec>
<condition id="-1">
<or_exp><and_exp></and_exp></or_exp>
</condition>

<Node id="13" bw="0" op_0_bw="0" op_1_bw="32" op_2_bw="0" op_3_bw="32" op_4_bw="32" op_5_bw="0" op_6_bw="32" op_7_bw="32" op_8_bw="0" op_9_bw="0" op_10_bw="0" op_11_bw="32" op_12_bw="32" op_13_bw="32" op_14_bw="32" op_15_bw="0" op_16_bw="0" op_17_bw="32" op_18_bw="32">
<![CDATA[
entry:8 %specinterface_ln0 = specinterface void @_ssdm_op_SpecInterface, i32 %x, void @empty_3, i32 0, i32 0, void @empty_0, i32 0, i32 0, void @empty_0, void @empty_0, void @empty_0, i32 0, i32 0, i32 0, i32 0, void @empty_0, void @empty_0, i32 4294967295, i32 0

]]></Node>
<StgValue><ssdm name="specinterface_ln0"/></StgValue>
</operation>

<operation id="18" st_id="3" stage="1" lat="1">
<core>NULL</core>
<MemPortIdVec></MemPortIdVec>
<condition id="-1">
<or_exp><and_exp></and_exp></or_exp>
</condition>

<Node id="14" bw="0" op_0_bw="0" op_1_bw="32" op_2_bw="0" op_3_bw="32" op_4_bw="32" op_5_bw="0" op_6_bw="32" op_7_bw="32" op_8_bw="0" op_9_bw="0" op_10_bw="0" op_11_bw="32" op_12_bw="32" op_13_bw="32" op_14_bw="32" op_15_bw="0" op_16_bw="0" op_17_bw="32" op_18_bw="32">
<![CDATA[
entry:9 %specinterface_ln0 = specinterface void @_ssdm_op_SpecInterface, i32 0, void @empty, i32 0, i32 0, void @empty_0, i32 0, i32 0, void @empty_1, void @empty_0, void @empty_0, i32 0, i32 0, i32 0, i32 0, void @empty_0, void @empty_0, i32 4294967295, i32 0

]]></Node>
<StgValue><ssdm name="specinterface_ln0"/></StgValue>
</operation>

<operation id="19" st_id="3" stage="1" lat="1">
<core>NULL</core>
<MemPortIdVec></MemPortIdVec>
<condition id="-1">
<or_exp><and_exp></and_exp></or_exp>
</condition>

<Node id="19" bw="32" op_0_bw="32" op_1_bw="0">
<![CDATA[
entry:14 %acc_loc_load = load i32 %acc_loc

]]></Node>
<StgValue><ssdm name="acc_loc_load"/></StgValue>
</operation>

<operation id="20" st_id="3" stage="1" lat="1">
<core>s_axilite</core>
<MemPortIdVec></MemPortIdVec>
<condition id="-1">
<or_exp><and_exp></and_exp></or_exp>
</condition>

<Node id="20" bw="0" op_0_bw="0" op_1_bw="32" op_2_bw="32">
<![CDATA[
entry:15 %write_ln38 = write void @_ssdm_op_Write.s_axilite.i32P0A, i32 %y, i32 %acc_loc_load

]]></Node>
<StgValue><ssdm name="write_ln38"/></StgValue>
</operation>

<operation id="21" st_id="3" stage="1" lat="1">
<core>NULL</core>
<MemPortIdVec></MemPortIdVec>
<condition id="-1">
<or_exp><and_exp></and_exp></or_exp>
</condition>

<Node id="21" bw="0">
<![CDATA[
entry:16 %ret_ln39 = ret

]]></Node>
<StgValue><ssdm name="ret_ln39"/></StgValue>
</operation>
</state>
</state_list>


<ports>
<port id="24" name="y" dir="1" iftype="0">
<core>NULL</core><StgValue><ssdm name="y"/></StgValue>
</port>
<port id="25" name="x" dir="0" iftype="0">
<core>NULL</core><StgValue><ssdm name="x"/></StgValue>
</port>
<port id="26" name="shift_reg" dir="2" iftype="1">
<core>RAM</core><StgValue><ssdm name="shift_reg"/><MemPortTyVec>0 2 </MemPortTyVec>
</StgValue>
</port>
<port id="27" name="fir_int_int_c" dir="0" iftype="1">
<core>ROM</core><StgValue><ssdm name="fir_int_int_c"/><MemPortTyVec>1 </MemPortTyVec>
</StgValue>
</port>
</ports>


<dataflows>
<dataflow id="29" from="_ssdm_op_Read.s_axilite.i32" to="x_read" fromId="28" toId="4">
</dataflow>
<dataflow id="30" from="x" to="x_read" fromId="25" toId="4">
</dataflow>
<dataflow id="32" from="StgValue_31" to="acc_loc" fromId="31" toId="5">
</dataflow>
<dataflow id="33" from="x_read" to="empty" fromId="4" toId="6">
</dataflow>
<dataflow id="35" from="StgValue_34" to="empty" fromId="34" toId="6">
</dataflow>
<dataflow id="36" from="x_read" to="empty_11" fromId="4" toId="7">
</dataflow>
<dataflow id="38" from="StgValue_37" to="empty_11" fromId="37" toId="7">
</dataflow>
<dataflow id="39" from="empty" to="mul" fromId="6" toId="8">
</dataflow>
<dataflow id="40" from="empty_11" to="mul" fromId="7" toId="8">
</dataflow>
<dataflow id="42" from="fir_Pipeline_Shift_Accum_Loop" to="call_ln0" fromId="41" toId="9">
</dataflow>
<dataflow id="43" from="mul" to="call_ln0" fromId="8" toId="9">
</dataflow>
<dataflow id="44" from="x_read" to="call_ln0" fromId="4" toId="9">
</dataflow>
<dataflow id="45" from="acc_loc" to="call_ln0" fromId="5" toId="9">
</dataflow>
<dataflow id="46" from="shift_reg" to="call_ln0" fromId="26" toId="9">
</dataflow>
<dataflow id="47" from="fir_int_int_c" to="call_ln0" fromId="27" toId="9">
</dataflow>
<dataflow id="48" from="fir_Pipeline_Shift_Accum_Loop" to="call_ln0" fromId="41" toId="10">
</dataflow>
<dataflow id="49" from="mul" to="call_ln0" fromId="8" toId="10">
</dataflow>
<dataflow id="50" from="x_read" to="call_ln0" fromId="4" toId="10">
</dataflow>
<dataflow id="51" from="acc_loc" to="call_ln0" fromId="5" toId="10">
</dataflow>
<dataflow id="52" from="shift_reg" to="call_ln0" fromId="26" toId="10">
</dataflow>
<dataflow id="53" from="fir_int_int_c" to="call_ln0" fromId="27" toId="10">
</dataflow>
<dataflow id="55" from="_ssdm_op_SpecTopModule" to="spectopmodule_ln15" fromId="54" toId="11">
</dataflow>
<dataflow id="57" from="empty_5" to="spectopmodule_ln15" fromId="56" toId="11">
</dataflow>
<dataflow id="59" from="_ssdm_op_SpecBitsMap" to="specbitsmap_ln0" fromId="58" toId="12">
</dataflow>
<dataflow id="60" from="y" to="specbitsmap_ln0" fromId="24" toId="12">
</dataflow>
<dataflow id="62" from="_ssdm_op_SpecInterface" to="specinterface_ln0" fromId="61" toId="13">
</dataflow>
<dataflow id="63" from="y" to="specinterface_ln0" fromId="24" toId="13">
</dataflow>
<dataflow id="65" from="empty" to="specinterface_ln0" fromId="64" toId="13">
</dataflow>
<dataflow id="67" from="StgValue_66" to="specinterface_ln0" fromId="66" toId="13">
</dataflow>
<dataflow id="68" from="StgValue_66" to="specinterface_ln0" fromId="66" toId="13">
</dataflow>
<dataflow id="70" from="empty_0" to="specinterface_ln0" fromId="69" toId="13">
</dataflow>
<dataflow id="71" from="StgValue_66" to="specinterface_ln0" fromId="66" toId="13">
</dataflow>
<dataflow id="72" from="StgValue_66" to="specinterface_ln0" fromId="66" toId="13">
</dataflow>
<dataflow id="74" from="empty_1" to="specinterface_ln0" fromId="73" toId="13">
</dataflow>
<dataflow id="76" from="empty_2" to="specinterface_ln0" fromId="75" toId="13">
</dataflow>
<dataflow id="77" from="empty_0" to="specinterface_ln0" fromId="69" toId="13">
</dataflow>
<dataflow id="78" from="StgValue_66" to="specinterface_ln0" fromId="66" toId="13">
</dataflow>
<dataflow id="79" from="StgValue_66" to="specinterface_ln0" fromId="66" toId="13">
</dataflow>
<dataflow id="80" from="StgValue_66" to="specinterface_ln0" fromId="66" toId="13">
</dataflow>
<dataflow id="81" from="StgValue_66" to="specinterface_ln0" fromId="66" toId="13">
</dataflow>
<dataflow id="82" from="empty_0" to="specinterface_ln0" fromId="69" toId="13">
</dataflow>
<dataflow id="83" from="empty_0" to="specinterface_ln0" fromId="69" toId="13">
</dataflow>
<dataflow id="85" from="StgValue_84" to="specinterface_ln0" fromId="84" toId="13">
</dataflow>
<dataflow id="86" from="StgValue_66" to="specinterface_ln0" fromId="66" toId="13">
</dataflow>
<dataflow id="87" from="_ssdm_op_SpecInterface" to="specinterface_ln0" fromId="61" toId="14">
</dataflow>
<dataflow id="88" from="y" to="specinterface_ln0" fromId="24" toId="14">
</dataflow>
<dataflow id="90" from="empty_3" to="specinterface_ln0" fromId="89" toId="14">
</dataflow>
<dataflow id="91" from="StgValue_66" to="specinterface_ln0" fromId="66" toId="14">
</dataflow>
<dataflow id="92" from="StgValue_66" to="specinterface_ln0" fromId="66" toId="14">
</dataflow>
<dataflow id="93" from="empty_0" to="specinterface_ln0" fromId="69" toId="14">
</dataflow>
<dataflow id="94" from="StgValue_66" to="specinterface_ln0" fromId="66" toId="14">
</dataflow>
<dataflow id="95" from="StgValue_66" to="specinterface_ln0" fromId="66" toId="14">
</dataflow>
<dataflow id="96" from="empty_0" to="specinterface_ln0" fromId="69" toId="14">
</dataflow>
<dataflow id="97" from="empty_0" to="specinterface_ln0" fromId="69" toId="14">
</dataflow>
<dataflow id="98" from="empty_0" to="specinterface_ln0" fromId="69" toId="14">
</dataflow>
<dataflow id="99" from="StgValue_66" to="specinterface_ln0" fromId="66" toId="14">
</dataflow>
<dataflow id="100" from="StgValue_66" to="specinterface_ln0" fromId="66" toId="14">
</dataflow>
<dataflow id="101" from="StgValue_66" to="specinterface_ln0" fromId="66" toId="14">
</dataflow>
<dataflow id="102" from="StgValue_66" to="specinterface_ln0" fromId="66" toId="14">
</dataflow>
<dataflow id="103" from="empty_0" to="specinterface_ln0" fromId="69" toId="14">
</dataflow>
<dataflow id="104" from="empty_0" to="specinterface_ln0" fromId="69" toId="14">
</dataflow>
<dataflow id="105" from="StgValue_84" to="specinterface_ln0" fromId="84" toId="14">
</dataflow>
<dataflow id="106" from="StgValue_66" to="specinterface_ln0" fromId="66" toId="14">
</dataflow>
<dataflow id="107" from="_ssdm_op_SpecBitsMap" to="specbitsmap_ln0" fromId="58" toId="15">
</dataflow>
<dataflow id="108" from="x" to="specbitsmap_ln0" fromId="25" toId="15">
</dataflow>
<dataflow id="109" from="_ssdm_op_SpecInterface" to="specinterface_ln0" fromId="61" toId="16">
</dataflow>
<dataflow id="110" from="x" to="specinterface_ln0" fromId="25" toId="16">
</dataflow>
<dataflow id="111" from="empty" to="specinterface_ln0" fromId="64" toId="16">
</dataflow>
<dataflow id="112" from="StgValue_66" to="specinterface_ln0" fromId="66" toId="16">
</dataflow>
<dataflow id="113" from="StgValue_66" to="specinterface_ln0" fromId="66" toId="16">
</dataflow>
<dataflow id="114" from="empty_0" to="specinterface_ln0" fromId="69" toId="16">
</dataflow>
<dataflow id="115" from="StgValue_66" to="specinterface_ln0" fromId="66" toId="16">
</dataflow>
<dataflow id="116" from="StgValue_66" to="specinterface_ln0" fromId="66" toId="16">
</dataflow>
<dataflow id="117" from="empty_1" to="specinterface_ln0" fromId="73" toId="16">
</dataflow>
<dataflow id="119" from="empty_4" to="specinterface_ln0" fromId="118" toId="16">
</dataflow>
<dataflow id="120" from="empty_0" to="specinterface_ln0" fromId="69" toId="16">
</dataflow>
<dataflow id="121" from="StgValue_66" to="specinterface_ln0" fromId="66" toId="16">
</dataflow>
<dataflow id="122" from="StgValue_66" to="specinterface_ln0" fromId="66" toId="16">
</dataflow>
<dataflow id="123" from="StgValue_66" to="specinterface_ln0" fromId="66" toId="16">
</dataflow>
<dataflow id="124" from="StgValue_66" to="specinterface_ln0" fromId="66" toId="16">
</dataflow>
<dataflow id="125" from="empty_0" to="specinterface_ln0" fromId="69" toId="16">
</dataflow>
<dataflow id="126" from="empty_0" to="specinterface_ln0" fromId="69" toId="16">
</dataflow>
<dataflow id="127" from="StgValue_84" to="specinterface_ln0" fromId="84" toId="16">
</dataflow>
<dataflow id="128" from="StgValue_66" to="specinterface_ln0" fromId="66" toId="16">
</dataflow>
<dataflow id="129" from="_ssdm_op_SpecInterface" to="specinterface_ln0" fromId="61" toId="17">
</dataflow>
<dataflow id="130" from="x" to="specinterface_ln0" fromId="25" toId="17">
</dataflow>
<dataflow id="131" from="empty_3" to="specinterface_ln0" fromId="89" toId="17">
</dataflow>
<dataflow id="132" from="StgValue_66" to="specinterface_ln0" fromId="66" toId="17">
</dataflow>
<dataflow id="133" from="StgValue_66" to="specinterface_ln0" fromId="66" toId="17">
</dataflow>
<dataflow id="134" from="empty_0" to="specinterface_ln0" fromId="69" toId="17">
</dataflow>
<dataflow id="135" from="StgValue_66" to="specinterface_ln0" fromId="66" toId="17">
</dataflow>
<dataflow id="136" from="StgValue_66" to="specinterface_ln0" fromId="66" toId="17">
</dataflow>
<dataflow id="137" from="empty_0" to="specinterface_ln0" fromId="69" toId="17">
</dataflow>
<dataflow id="138" from="empty_0" to="specinterface_ln0" fromId="69" toId="17">
</dataflow>
<dataflow id="139" from="empty_0" to="specinterface_ln0" fromId="69" toId="17">
</dataflow>
<dataflow id="140" from="StgValue_66" to="specinterface_ln0" fromId="66" toId="17">
</dataflow>
<dataflow id="141" from="StgValue_66" to="specinterface_ln0" fromId="66" toId="17">
</dataflow>
<dataflow id="142" from="StgValue_66" to="specinterface_ln0" fromId="66" toId="17">
</dataflow>
<dataflow id="143" from="StgValue_66" to="specinterface_ln0" fromId="66" toId="17">
</dataflow>
<dataflow id="144" from="empty_0" to="specinterface_ln0" fromId="69" toId="17">
</dataflow>
<dataflow id="145" from="empty_0" to="specinterface_ln0" fromId="69" toId="17">
</dataflow>
<dataflow id="146" from="StgValue_84" to="specinterface_ln0" fromId="84" toId="17">
</dataflow>
<dataflow id="147" from="StgValue_66" to="specinterface_ln0" fromId="66" toId="17">
</dataflow>
<dataflow id="148" from="_ssdm_op_SpecInterface" to="specinterface_ln0" fromId="61" toId="18">
</dataflow>
<dataflow id="149" from="StgValue_66" to="specinterface_ln0" fromId="66" toId="18">
</dataflow>
<dataflow id="150" from="empty" to="specinterface_ln0" fromId="64" toId="18">
</dataflow>
<dataflow id="151" from="StgValue_66" to="specinterface_ln0" fromId="66" toId="18">
</dataflow>
<dataflow id="152" from="StgValue_66" to="specinterface_ln0" fromId="66" toId="18">
</dataflow>
<dataflow id="153" from="empty_0" to="specinterface_ln0" fromId="69" toId="18">
</dataflow>
<dataflow id="154" from="StgValue_66" to="specinterface_ln0" fromId="66" toId="18">
</dataflow>
<dataflow id="155" from="StgValue_66" to="specinterface_ln0" fromId="66" toId="18">
</dataflow>
<dataflow id="156" from="empty_1" to="specinterface_ln0" fromId="73" toId="18">
</dataflow>
<dataflow id="157" from="empty_0" to="specinterface_ln0" fromId="69" toId="18">
</dataflow>
<dataflow id="158" from="empty_0" to="specinterface_ln0" fromId="69" toId="18">
</dataflow>
<dataflow id="159" from="StgValue_66" to="specinterface_ln0" fromId="66" toId="18">
</dataflow>
<dataflow id="160" from="StgValue_66" to="specinterface_ln0" fromId="66" toId="18">
</dataflow>
<dataflow id="161" from="StgValue_66" to="specinterface_ln0" fromId="66" toId="18">
</dataflow>
<dataflow id="162" from="StgValue_66" to="specinterface_ln0" fromId="66" toId="18">
</dataflow>
<dataflow id="163" from="empty_0" to="specinterface_ln0" fromId="69" toId="18">
</dataflow>
<dataflow id="164" from="empty_0" to="specinterface_ln0" fromId="69" toId="18">
</dataflow>
<dataflow id="165" from="StgValue_84" to="specinterface_ln0" fromId="84" toId="18">
</dataflow>
<dataflow id="166" from="StgValue_66" to="specinterface_ln0" fromId="66" toId="18">
</dataflow>
<dataflow id="167" from="acc_loc" to="acc_loc_load" fromId="5" toId="19">
</dataflow>
<dataflow id="169" from="_ssdm_op_Write.s_axilite.i32P0A" to="write_ln38" fromId="168" toId="20">
</dataflow>
<dataflow id="170" from="y" to="write_ln38" fromId="24" toId="20">
</dataflow>
<dataflow id="171" from="acc_loc_load" to="write_ln38" fromId="19" toId="20">
</dataflow>
</dataflows>


</stg>
