<profile>

<section name = "Vitis HLS Report for 'fir'" level="0">
<item name = "Date">Mon Oct 17 23:19:52 2022
</item>
<item name = "Version">2022.1.2 (Build 3605665 on Fri Aug  5 22:53:37 MDT 2022)</item>
<item name = "Project">FIR_128</item>
<item name = "Solution">solution1 (Vivado IP Flow Target)</item>
<item name = "Product family">zynq</item>
<item name = "Target device">xc7z020-clg400-1</item>
</section>

<section name = "Performance Estimates" level="0">
<item name = "Timing">
<section name = "" level="1">
<item name = "Summary"><table name="" hasTotal="0">
<keys size="4">Clock, Target, Estimated, Uncertainty</keys>
<column name="ap_clk">10.00 ns, 6.912 ns, 2.70 ns</column>
</table>
</item>
</section>
</item>
<item name = "Latency">
<section name = "" level="1">
<item name = "Summary"><table name="" hasTotal="0">
<keys size="8">, min, max, min, max, min, max, Type</keys>
<column name="">135, 135, 1.350 us, 1.350 us, 136, 136, no</column>
</table>
</item>
<item name = "Detail">
<section name = "" level="1">
<item name = "Instance"><table name="" hasTotal="0">
<keys size="9">Instance, Module, min, max, min, max, min, max, Type</keys>
<column name="grp_fir_Pipeline_Shift_Accum_Loop_fu_61">fir_Pipeline_Shift_Accum_Loop, 133, 133, 1.330 us, 1.330 us, 133, 133, no</column>
</table>
</item>
<item name = "Loop"><table name="" hasTotal="0">
<keys size="8">Loop Name, min, max, Latency, achieved, target, Count, Pipelined</keys>
</table>
</item>
</section>
</item>
</section>
</item>
</section>
</profile>
