<profile>

<section name = "Vitis HLS Report for 'fir_Pipeline_Shift_Accum_Loop'" level="0">
<item name = "Date">Mon Oct 17 23:19:52 2022
</item>
<item name = "Version">2022.1.2 (Build 3605665 on Fri Aug  5 22:53:37 MDT 2022)</item>
<item name = "Project">FIR_128</item>
<item name = "Solution">solution1 (Vivado IP Flow Target)</item>
<item name = "Product family">zynq</item>
<item name = "Target device">xc7z020-clg400-1</item>
</section>

<section name = "Performance Estimates" level="0">
<item name = "Timing">
<section name = "" level="1">
<item name = "Summary"><table name="" hasTotal="0">
<keys size="4">Clock, Target, Estimated, Uncertainty</keys>
<column name="ap_clk">10.00 ns, 6.912 ns, 2.70 ns</column>
</table>
</item>
</section>
</item>
<item name = "Latency">
<section name = "" level="1">
<item name = "Summary"><table name="" hasTotal="0">
<keys size="8">, min, max, min, max, min, max, Type</keys>
<column name="">133, 133, 1.330 us, 1.330 us, 133, 133, no</column>
</table>
</item>
<item name = "Detail">
<section name = "" level="1">
<item name = "Instance"><table name="" hasTotal="0">
<keys size="9">Instance, Module, min, max, min, max, min, max, Type</keys>
</table>
</item>
<item name = "Loop"><table name="" hasTotal="0">
<keys size="8">Loop Name, min, max, Latency, achieved, target, Count, Pipelined</keys>
<column name="- Shift_Accum_Loop">131, 131, 5, 1, 1, 128, yes</column>
</table>
</item>
</section>
</item>
</section>
</item>
</section>

<section name = "Utilization Estimates" level="0">
<item name = "Summary"><table name="" hasTotal="1">
<keys size="6">Name, BRAM_18K, DSP, FF, LUT, URAM</keys>
<column name="DSP">-, -, -, -, -</column>
<column name="Expression">-, -, 0, 85, -</column>
<column name="FIFO">-, -, -, -, -</column>
<column name="Instance">-, 1, 165, 50, -</column>
<column name="Memory">3, -, 0, 0, 0</column>
<column name="Multiplexer">-, -, -, 77, -</column>
<column name="Register">-, -, 411, 64, -</column>
<specialColumn name="Available">280, 220, 106400, 53200, 0</specialColumn>
<specialColumn name="Utilization (%)">1, ~0, ~0, ~0, 0</specialColumn>
</table>
</item>
<item name = "Detail">
<section name = "" level="1">
<item name = "Instance"><table name="" hasTotal="1">
<keys size="7">Instance, Module, BRAM_18K, DSP, FF, LUT, URAM</keys>
<column name="mul_6s_32s_32_2_1_U1">mul_6s_32s_32_2_1, 0, 1, 165, 50, 0</column>
</table>
</item>
<item name = "DSP"><table name="" hasTotal="0">
<keys size="3">Instance, Module, Expression</keys>
</table>
</item>
<item name = "Memory"><table name="" hasTotal="1">
<keys size="10">Memory, Module, BRAM_18K, FF, LUT, URAM, Words, Bits, Banks, W*Bits*Banks</keys>
<column name="fir_int_int_c_U">fir_Pipeline_Shift_Accum_Loop_fir_int_int_c_ROM_AUTO_1R, 1, 0, 0, 0, 128, 32, 1, 4096</column>
<column name="shift_reg_U">fir_Pipeline_Shift_Accum_Loop_shift_reg_RAM_AUTO_1R1W, 2, 0, 0, 0, 128, 32, 1, 4096</column>
</table>
</item>
<item name = "FIFO"><table name="" hasTotal="1">
<keys size="8">Name, BRAM_18K, FF, LUT, URAM, Depth, Bits, Size:D*B</keys>
</table>
</item>
<item name = "Expression"><table name="" hasTotal="1">
<keys size="7">Variable Name, Operation, DSP, FF, LUT, Bitwidth P0, Bitwidth P1</keys>
<column name="acc_1_fu_190_p2">+, 0, 0, 39, 32, 32</column>
<column name="add_ln28_fu_172_p2">+, 0, 0, 15, 8, 2</column>
<column name="add_ln34_fu_161_p2">+, 0, 0, 14, 7, 2</column>
<column name="ap_condition_143">and, 0, 0, 2, 1, 1</column>
<column name="ap_condition_279">and, 0, 0, 2, 1, 1</column>
<column name="icmp_ln29_fu_155_p2">icmp, 0, 0, 11, 8, 1</column>
<column name="ap_enable_pp0">xor, 0, 0, 2, 1, 2</column>
</table>
</item>
<item name = "Multiplexer"><table name="" hasTotal="1">
<keys size="5">Name, LUT, Input Size, Bits, Total Bits</keys>
<column name="acc_fu_48">9, 2, 32, 64</column>
<column name="ap_done_int">9, 2, 1, 2</column>
<column name="ap_enable_reg_pp0_iter1">9, 2, 1, 2</column>
<column name="ap_phi_mux_mul_pn_phi_fu_119_p4">9, 2, 32, 64</column>
<column name="ap_phi_reg_pp0_iter1_mul_pn_reg_116">9, 2, 32, 64</column>
<column name="ap_sig_allocacmp_i_1">9, 2, 8, 16</column>
<column name="i_fu_52">9, 2, 8, 16</column>
<column name="shift_reg_address1">14, 3, 7, 21</column>
</table>
</item>
<item name = "Register"><table name="" hasTotal="1">
<keys size="5">Name, FF, LUT, Bits, Const Bits</keys>
<column name="acc_fu_48">32, 0, 32, 0</column>
<column name="ap_CS_fsm">1, 0, 1, 0</column>
<column name="ap_done_reg">1, 0, 1, 0</column>
<column name="ap_enable_reg_pp0_iter1">1, 0, 1, 0</column>
<column name="ap_enable_reg_pp0_iter2">1, 0, 1, 0</column>
<column name="ap_enable_reg_pp0_iter3">1, 0, 1, 0</column>
<column name="ap_enable_reg_pp0_iter4">1, 0, 1, 0</column>
<column name="ap_loop_exit_ready_pp0_iter1_reg">1, 0, 1, 0</column>
<column name="ap_loop_exit_ready_pp0_iter2_reg">1, 0, 1, 0</column>
<column name="ap_loop_exit_ready_pp0_iter3_reg">1, 0, 1, 0</column>
<column name="ap_phi_reg_pp0_iter1_mul_pn_reg_116">32, 0, 32, 0</column>
<column name="ap_phi_reg_pp0_iter2_mul_pn_reg_116">32, 0, 32, 0</column>
<column name="ap_phi_reg_pp0_iter3_mul_pn_reg_116">32, 0, 32, 0</column>
<column name="ap_phi_reg_pp0_iter4_mul_pn_reg_116">32, 0, 32, 0</column>
<column name="fir_int_int_c_load_reg_253">32, 0, 32, 0</column>
<column name="i_cast1_reg_229">8, 0, 64, 56</column>
<column name="i_fu_52">8, 0, 8, 0</column>
<column name="icmp_ln29_reg_234">1, 0, 1, 0</column>
<column name="mul_ln35_reg_258">32, 0, 32, 0</column>
<column name="shift_reg_load_reg_248">32, 0, 32, 0</column>
<column name="tmp_reg_225">1, 0, 1, 0</column>
<column name="icmp_ln29_reg_234">64, 32, 1, 0</column>
<column name="tmp_reg_225">64, 32, 1, 0</column>
</table>
</item>
</section>
</item>
</section>

<section name = "Interface" level="0">
<item name = "Summary"><table name="" hasTotal="0">
<keys size="6">RTL Ports, Dir, Bits, Protocol, Source Object, C Type</keys>
<column name="ap_clk">in, 1, ap_ctrl_hs, fir_Pipeline_Shift_Accum_Loop, return value</column>
<column name="ap_rst">in, 1, ap_ctrl_hs, fir_Pipeline_Shift_Accum_Loop, return value</column>
<column name="ap_start">in, 1, ap_ctrl_hs, fir_Pipeline_Shift_Accum_Loop, return value</column>
<column name="ap_done">out, 1, ap_ctrl_hs, fir_Pipeline_Shift_Accum_Loop, return value</column>
<column name="ap_idle">out, 1, ap_ctrl_hs, fir_Pipeline_Shift_Accum_Loop, return value</column>
<column name="ap_ready">out, 1, ap_ctrl_hs, fir_Pipeline_Shift_Accum_Loop, return value</column>
<column name="mul">in, 32, ap_none, mul, scalar</column>
<column name="x">in, 32, ap_none, x, scalar</column>
<column name="acc_out">out, 32, ap_vld, acc_out, pointer</column>
<column name="acc_out_ap_vld">out, 1, ap_vld, acc_out, pointer</column>
</table>
</item>
</section>
</profile>
