<stg><name>fir_Pipeline_Shift_Accum_Loop</name>


<trans_list>

<trans id="69" from="1" to="2">
<condition id="-1">
<or_exp><and_exp></and_exp></or_exp>
</condition>
</trans>

<trans id="64" from="2" to="3">
<condition id="-1">
<or_exp><and_exp></and_exp></or_exp>
</condition>
</trans>

<trans id="65" from="3" to="4">
<condition id="-1">
<or_exp><and_exp></and_exp></or_exp>
</condition>
</trans>

<trans id="66" from="4" to="5">
<condition id="-1">
<or_exp><and_exp></and_exp></or_exp>
</condition>
</trans>
</trans_list>



<state_list>

<state id="1" st_id="2">

<operation id="8" st_id="1" stage="1" lat="1">
<core>NULL</core>
<MemPortIdVec></MemPortIdVec>
<condition id="-1">
<or_exp><and_exp></and_exp></or_exp>
</condition>

<Node id="6" bw="32" op_0_bw="32">
<![CDATA[
newFuncRoot:0 %acc = alloca i32 1

]]></Node>
<StgValue><ssdm name="acc"/></StgValue>
</operation>

<operation id="9" st_id="1" stage="1" lat="1">
<core>NULL</core>
<MemPortIdVec></MemPortIdVec>
<condition id="-1">
<or_exp><and_exp></and_exp></or_exp>
</condition>

<Node id="7" bw="8" op_0_bw="32">
<![CDATA[
newFuncRoot:1 %i = alloca i32 1

]]></Node>
<StgValue><ssdm name="i"/></StgValue>
</operation>

<operation id="10" st_id="1" stage="1" lat="1">
<core>NULL</core>
<MemPortIdVec></MemPortIdVec>
<condition id="-1">
<or_exp><and_exp></and_exp></or_exp>
</condition>

<Node id="8" bw="32" op_0_bw="32" op_1_bw="32">
<![CDATA[
newFuncRoot:2 %x_read = read i32 @_ssdm_op_Read.ap_auto.i32, i32 %x

]]></Node>
<StgValue><ssdm name="x_read"/></StgValue>
</operation>

<operation id="11" st_id="1" stage="1" lat="1">
<core>NULL</core>
<MemPortIdVec></MemPortIdVec>
<condition id="-1">
<or_exp><and_exp></and_exp></or_exp>
</condition>

<Node id="9" bw="32" op_0_bw="32" op_1_bw="32">
<![CDATA[
newFuncRoot:3 %mul_read = read i32 @_ssdm_op_Read.ap_auto.i32, i32 %mul

]]></Node>
<StgValue><ssdm name="mul_read"/></StgValue>
</operation>

<operation id="12" st_id="1" stage="1" lat="1">
<core>NULL</core>
<MemPortIdVec></MemPortIdVec>
<condition id="-1">
<or_exp><and_exp></and_exp></or_exp>
</condition>

<Node id="10" bw="0" op_0_bw="8" op_1_bw="8">
<![CDATA[
newFuncRoot:4 %store_ln0 = store i8 127, i8 %i

]]></Node>
<StgValue><ssdm name="store_ln0"/></StgValue>
</operation>

<operation id="13" st_id="1" stage="1" lat="1">
<core>NULL</core>
<MemPortIdVec></MemPortIdVec>
<condition id="-1">
<or_exp><and_exp></and_exp></or_exp>
</condition>

<Node id="11" bw="0" op_0_bw="32" op_1_bw="32">
<![CDATA[
newFuncRoot:5 %store_ln0 = store i32 0, i32 %acc

]]></Node>
<StgValue><ssdm name="store_ln0"/></StgValue>
</operation>

<operation id="14" st_id="1" stage="1" lat="1">
<core>NULL</core>
<MemPortIdVec></MemPortIdVec>
<condition id="-1">
<or_exp><and_exp></and_exp></or_exp>
</condition>

<Node id="12" bw="0" op_0_bw="0">
<![CDATA[
newFuncRoot:6 %br_ln0 = br void %for.body

]]></Node>
<StgValue><ssdm name="br_ln0"/></StgValue>
</operation>

<operation id="15" st_id="1" stage="1" lat="1">
<core>NULL</core>
<MemPortIdVec></MemPortIdVec>
<condition id="-1">
<or_exp><and_exp></and_exp></or_exp>
</condition>

<Node id="14" bw="8" op_0_bw="8" op_1_bw="0">
<![CDATA[
for.body:0 %i_1 = load i8 %i

]]></Node>
<StgValue><ssdm name="i_1"/></StgValue>
</operation>

<operation id="16" st_id="1" stage="1" lat="1">
<core>NULL</core>
<MemPortIdVec></MemPortIdVec>
<condition id="-1">
<or_exp><and_exp></and_exp></or_exp>
</condition>

<Node id="15" bw="0" op_0_bw="0" op_1_bw="32" op_2_bw="32" op_3_bw="32" op_4_bw="32" op_5_bw="0">
<![CDATA[
for.body:1 %specpipeline_ln0 = specpipeline void @_ssdm_op_SpecPipeline, i32 4294967295, i32 0, i32 1, i32 0, void @p_str

]]></Node>
<StgValue><ssdm name="specpipeline_ln0"/></StgValue>
</operation>

<operation id="17" st_id="1" stage="1" lat="1">
<core>NULL</core>
<MemPortIdVec></MemPortIdVec>
<condition id="-1">
<or_exp><and_exp></and_exp></or_exp>
</condition>

<Node id="16" bw="1" op_0_bw="1" op_1_bw="8" op_2_bw="32">
<![CDATA[
for.body:2 %tmp = bitselect i1 @_ssdm_op_BitSelect.i1.i8.i32, i8 %i_1, i32 7

]]></Node>
<StgValue><ssdm name="tmp"/></StgValue>
</operation>

<operation id="18" st_id="1" stage="1" lat="1">
<core>NULL</core>
<MemPortIdVec></MemPortIdVec>
<condition id="-1">
<or_exp><and_exp></and_exp></or_exp>
</condition>

<Node id="17" bw="32" op_0_bw="32" op_1_bw="64" op_2_bw="64" op_3_bw="64">
<![CDATA[
for.body:3 %empty = speclooptripcount i32 @_ssdm_op_SpecLoopTripCount, i64 128, i64 128, i64 128

]]></Node>
<StgValue><ssdm name="empty"/></StgValue>
</operation>

<operation id="19" st_id="1" stage="1" lat="1">
<core>NULL</core>
<MemPortIdVec></MemPortIdVec>
<condition id="-1">
<or_exp><and_exp></and_exp></or_exp>
</condition>

<Node id="18" bw="0" op_0_bw="1" op_1_bw="0" op_2_bw="0">
<![CDATA[
for.body:4 %br_ln28 = br i1 %tmp, void %for.body.split, void %for.end.exitStub

]]></Node>
<StgValue><ssdm name="br_ln28"/></StgValue>
</operation>

<operation id="20" st_id="1" stage="1" lat="1">
<core>NULL</core>
<MemPortIdVec></MemPortIdVec>
<condition id="-1">
<or_exp><and_exp><literal name="tmp" val="0"/>
</and_exp></or_exp>
</condition>

<Node id="20" bw="64" op_0_bw="8">
<![CDATA[
for.body.split:0 %i_cast1 = zext i8 %i_1

]]></Node>
<StgValue><ssdm name="i_cast1"/></StgValue>
</operation>

<operation id="21" st_id="1" stage="1" lat="1">
<core>NULL</core>
<MemPortIdVec></MemPortIdVec>
<condition id="-1">
<or_exp><and_exp><literal name="tmp" val="0"/>
</and_exp></or_exp>
</condition>

<Node id="21" bw="7" op_0_bw="8">
<![CDATA[
for.body.split:1 %empty_10 = trunc i8 %i_1

]]></Node>
<StgValue><ssdm name="empty_10"/></StgValue>
</operation>

<operation id="22" st_id="1" stage="1" lat="1">
<core>NULL</core>
<MemPortIdVec></MemPortIdVec>
<condition id="-1">
<or_exp><and_exp><literal name="tmp" val="0"/>
</and_exp></or_exp>
</condition>

<Node id="22" bw="0" op_0_bw="0" op_1_bw="0">
<![CDATA[
for.body.split:2 %specloopname_ln23 = specloopname void @_ssdm_op_SpecLoopName, void @empty_6

]]></Node>
<StgValue><ssdm name="specloopname_ln23"/></StgValue>
</operation>

<operation id="23" st_id="1" stage="1" lat="1">
<core>Cmp</core>
<MemPortIdVec></MemPortIdVec>
<condition id="-1">
<or_exp><and_exp><literal name="tmp" val="0"/>
</and_exp></or_exp>
</condition>

<Node id="23" bw="1" op_0_bw="8" op_1_bw="8">
<![CDATA[
for.body.split:3 %icmp_ln29 = icmp_eq  i8 %i_1, i8 0

]]></Node>
<StgValue><ssdm name="icmp_ln29"/></StgValue>
</operation>

<operation id="24" st_id="1" stage="1" lat="1">
<core>NULL</core>
<MemPortIdVec></MemPortIdVec>
<condition id="-1">
<or_exp><and_exp><literal name="tmp" val="0"/>
</and_exp></or_exp>
</condition>

<Node id="24" bw="0" op_0_bw="1" op_1_bw="0" op_2_bw="0">
<![CDATA[
for.body.split:4 %br_ln29 = br i1 %icmp_ln29, void %if.else, void %if.then

]]></Node>
<StgValue><ssdm name="br_ln29"/></StgValue>
</operation>

<operation id="25" st_id="1" stage="1" lat="1">
<core>Adder</core>
<MemPortIdVec></MemPortIdVec>
<condition id="-1">
<or_exp><and_exp><literal name="tmp" val="0"/>
<literal name="icmp_ln29" val="0"/>
</and_exp></or_exp>
</condition>

<Node id="26" bw="7" op_0_bw="7" op_1_bw="7">
<![CDATA[
if.else:0 %add_ln34 = add i7 %empty_10, i7 127

]]></Node>
<StgValue><ssdm name="add_ln34"/></StgValue>
</operation>

<operation id="26" st_id="1" stage="1" lat="1">
<core>NULL</core>
<MemPortIdVec></MemPortIdVec>
<condition id="-1">
<or_exp><and_exp><literal name="tmp" val="0"/>
<literal name="icmp_ln29" val="0"/>
</and_exp></or_exp>
</condition>

<Node id="27" bw="64" op_0_bw="7">
<![CDATA[
if.else:1 %zext_ln34 = zext i7 %add_ln34

]]></Node>
<StgValue><ssdm name="zext_ln34"/></StgValue>
</operation>

<operation id="27" st_id="1" stage="1" lat="1">
<core>NULL</core>
<MemPortIdVec></MemPortIdVec>
<condition id="-1">
<or_exp><and_exp><literal name="tmp" val="0"/>
<literal name="icmp_ln29" val="0"/>
</and_exp></or_exp>
</condition>

<Node id="28" bw="7" op_0_bw="32" op_1_bw="64" op_2_bw="64">
<![CDATA[
if.else:2 %shift_reg_addr = getelementptr i32 %shift_reg, i64 0, i64 %zext_ln34

]]></Node>
<StgValue><ssdm name="shift_reg_addr"/></StgValue>
</operation>

<operation id="28" st_id="1" stage="2" lat="2">
<core>RAM</core>
<MemPortIdVec></MemPortIdVec>
<condition id="-1">
<or_exp><and_exp><literal name="tmp" val="0"/>
<literal name="icmp_ln29" val="0"/>
</and_exp></or_exp>
</condition>

<Node id="29" bw="32" op_0_bw="7">
<![CDATA[
if.else:3 %shift_reg_load = load i7 %shift_reg_addr

]]></Node>
<StgValue><ssdm name="shift_reg_load"/></StgValue>
</operation>

<operation id="29" st_id="1" stage="1" lat="1">
<core>NULL</core>
<MemPortIdVec></MemPortIdVec>
<condition id="-1">
<or_exp><and_exp><literal name="tmp" val="0"/>
<literal name="icmp_ln29" val="0"/>
</and_exp></or_exp>
</condition>

<Node id="32" bw="7" op_0_bw="32" op_1_bw="64" op_2_bw="64">
<![CDATA[
if.else:6 %fir_int_int_c_addr = getelementptr i32 %fir_int_int_c, i64 0, i64 %i_cast1

]]></Node>
<StgValue><ssdm name="fir_int_int_c_addr"/></StgValue>
</operation>

<operation id="30" st_id="1" stage="2" lat="2">
<core>ROM</core>
<MemPortIdVec></MemPortIdVec>
<condition id="-1">
<or_exp><and_exp><literal name="tmp" val="0"/>
<literal name="icmp_ln29" val="0"/>
</and_exp></or_exp>
</condition>

<Node id="33" bw="32" op_0_bw="7">
<![CDATA[
if.else:7 %fir_int_int_c_load = load i7 %fir_int_int_c_addr

]]></Node>
<StgValue><ssdm name="fir_int_int_c_load"/></StgValue>
</operation>

<operation id="31" st_id="1" stage="1" lat="1">
<core>RAM</core>
<MemPortIdVec></MemPortIdVec>
<condition id="-1">
<or_exp><and_exp><literal name="tmp" val="0"/>
<literal name="icmp_ln29" val="1"/>
</and_exp></or_exp>
</condition>

<Node id="37" bw="0" op_0_bw="32" op_1_bw="32">
<![CDATA[
if.then:0 %store_ln31 = store i32 %x_read, i32 0

]]></Node>
<StgValue><ssdm name="store_ln31"/></StgValue>
</operation>

<operation id="32" st_id="1" stage="1" lat="1">
<core>NULL</core>
<MemPortIdVec></MemPortIdVec>
<condition id="-1">
<or_exp><and_exp><literal name="tmp" val="0"/>
<literal name="icmp_ln29" val="1"/>
</and_exp></or_exp>
</condition>

<Node id="38" bw="0" op_0_bw="0">
<![CDATA[
if.then:1 %br_ln32 = br void %for.inc

]]></Node>
<StgValue><ssdm name="br_ln32"/></StgValue>
</operation>

<operation id="33" st_id="1" stage="1" lat="1">
<core>Adder</core>
<MemPortIdVec></MemPortIdVec>
<condition id="-1">
<or_exp><and_exp><literal name="tmp" val="0"/>
</and_exp></or_exp>
</condition>

<Node id="43" bw="8" op_0_bw="8" op_1_bw="8">
<![CDATA[
for.inc:3 %add_ln28 = add i8 %i_1, i8 255

]]></Node>
<StgValue><ssdm name="add_ln28"/></StgValue>
</operation>

<operation id="34" st_id="1" stage="1" lat="1">
<core>NULL</core>
<MemPortIdVec></MemPortIdVec>
<condition id="-1">
<or_exp><and_exp><literal name="tmp" val="0"/>
</and_exp></or_exp>
</condition>

<Node id="44" bw="0" op_0_bw="8" op_1_bw="8" op_2_bw="0" op_3_bw="0">
<![CDATA[
for.inc:4 %store_ln28 = store i8 %add_ln28, i8 %i

]]></Node>
<StgValue><ssdm name="store_ln28"/></StgValue>
</operation>
</state>

<state id="2" st_id="3">

<operation id="35" st_id="2" stage="1" lat="2">
<core>RAM</core>
<MemPortIdVec></MemPortIdVec>
<condition id="-1">
<or_exp><and_exp><literal name="tmp" val="0"/>
<literal name="icmp_ln29" val="0"/>
</and_exp></or_exp>
</condition>

<Node id="29" bw="32" op_0_bw="7">
<![CDATA[
if.else:3 %shift_reg_load = load i7 %shift_reg_addr

]]></Node>
<StgValue><ssdm name="shift_reg_load"/></StgValue>
</operation>

<operation id="36" st_id="2" stage="1" lat="1">
<core>NULL</core>
<MemPortIdVec></MemPortIdVec>
<condition id="-1">
<or_exp><and_exp><literal name="tmp" val="0"/>
<literal name="icmp_ln29" val="0"/>
</and_exp></or_exp>
</condition>

<Node id="30" bw="7" op_0_bw="32" op_1_bw="64" op_2_bw="64">
<![CDATA[
if.else:4 %shift_reg_addr_1 = getelementptr i32 %shift_reg, i64 0, i64 %i_cast1

]]></Node>
<StgValue><ssdm name="shift_reg_addr_1"/></StgValue>
</operation>

<operation id="37" st_id="2" stage="1" lat="1">
<core>RAM</core>
<MemPortIdVec></MemPortIdVec>
<condition id="-1">
<or_exp><and_exp><literal name="tmp" val="0"/>
<literal name="icmp_ln29" val="0"/>
</and_exp></or_exp>
</condition>

<Node id="31" bw="0" op_0_bw="32" op_1_bw="7">
<![CDATA[
if.else:5 %store_ln34 = store i32 %shift_reg_load, i7 %shift_reg_addr_1

]]></Node>
<StgValue><ssdm name="store_ln34"/></StgValue>
</operation>

<operation id="38" st_id="2" stage="1" lat="2">
<core>ROM</core>
<MemPortIdVec></MemPortIdVec>
<condition id="-1">
<or_exp><and_exp><literal name="tmp" val="0"/>
<literal name="icmp_ln29" val="0"/>
</and_exp></or_exp>
</condition>

<Node id="33" bw="32" op_0_bw="7">
<![CDATA[
if.else:7 %fir_int_int_c_load = load i7 %fir_int_int_c_addr

]]></Node>
<StgValue><ssdm name="fir_int_int_c_load"/></StgValue>
</operation>
</state>

<state id="3" st_id="4">

<operation id="39" st_id="3" stage="2" lat="2">
<core>Multiplier</core>
<MemPortIdVec></MemPortIdVec>
<condition id="-1">
<or_exp><and_exp><literal name="tmp" val="0"/>
<literal name="icmp_ln29" val="0"/>
</and_exp></or_exp>
</condition>

<Node id="34" bw="32" op_0_bw="32" op_1_bw="32">
<![CDATA[
if.else:8 %mul_ln35 = mul i32 %fir_int_int_c_load, i32 %shift_reg_load

]]></Node>
<StgValue><ssdm name="mul_ln35"/></StgValue>
</operation>
</state>

<state id="4" st_id="5">

<operation id="40" st_id="4" stage="1" lat="2">
<core>Multiplier</core>
<MemPortIdVec></MemPortIdVec>
<condition id="-1">
<or_exp><and_exp><literal name="tmp" val="0"/>
<literal name="icmp_ln29" val="0"/>
</and_exp></or_exp>
</condition>

<Node id="34" bw="32" op_0_bw="32" op_1_bw="32">
<![CDATA[
if.else:8 %mul_ln35 = mul i32 %fir_int_int_c_load, i32 %shift_reg_load

]]></Node>
<StgValue><ssdm name="mul_ln35"/></StgValue>
</operation>

<operation id="47" st_id="4" stage="1" lat="1">
<core>NULL</core>
<MemPortIdVec></MemPortIdVec>
<condition id="-1">
<or_exp><and_exp><literal name="tmp" val="1"/>
</and_exp></or_exp>
</condition>

<Node id="48" bw="32" op_0_bw="32" op_1_bw="0">
<![CDATA[
for.end.exitStub:0 %acc_load_1 = load i32 %acc

]]></Node>
<StgValue><ssdm name="acc_load_1"/></StgValue>
</operation>

<operation id="48" st_id="4" stage="1" lat="1">
<core>NULL</core>
<MemPortIdVec></MemPortIdVec>
<condition id="-1">
<or_exp><and_exp><literal name="tmp" val="1"/>
</and_exp></or_exp>
</condition>

<Node id="49" bw="0" op_0_bw="0" op_1_bw="32" op_2_bw="32">
<![CDATA[
for.end.exitStub:1 %write_ln0 = write void @_ssdm_op_Write.ap_auto.i32P0A, i32 %acc_out, i32 %acc_load_1

]]></Node>
<StgValue><ssdm name="write_ln0"/></StgValue>
</operation>

<operation id="49" st_id="4" stage="1" lat="1">
<core>NULL</core>
<MemPortIdVec></MemPortIdVec>
<condition id="-1">
<or_exp><and_exp><literal name="tmp" val="1"/>
</and_exp></or_exp>
</condition>

<Node id="50" bw="0">
<![CDATA[
for.end.exitStub:2 %ret_ln0 = ret

]]></Node>
<StgValue><ssdm name="ret_ln0"/></StgValue>
</operation>
</state>

<state id="5" st_id="6">

<operation id="41" st_id="5" stage="1" lat="1">
<core>NULL</core>
<MemPortIdVec></MemPortIdVec>
<condition id="-1">
<or_exp><and_exp><literal name="tmp" val="0"/>
<literal name="icmp_ln29" val="0"/>
</and_exp></or_exp>
</condition>

<Node id="35" bw="0" op_0_bw="0">
<![CDATA[
if.else:9 %br_ln0 = br void %for.inc

]]></Node>
<StgValue><ssdm name="br_ln0"/></StgValue>
</operation>

<operation id="42" st_id="5" stage="1" lat="1">
<core>NULL</core>
<MemPortIdVec></MemPortIdVec>
<condition id="-1">
<or_exp><and_exp></and_exp></or_exp>
</condition>

<Node id="40" bw="32" op_0_bw="32" op_1_bw="0" op_2_bw="32" op_3_bw="0">
<![CDATA[
for.inc:0 %mul_pn = phi i32 %mul_read, void %if.then, i32 %mul_ln35, void %if.else

]]></Node>
<StgValue><ssdm name="mul_pn"/></StgValue>
</operation>

<operation id="43" st_id="5" stage="1" lat="1">
<core>NULL</core>
<MemPortIdVec></MemPortIdVec>
<condition id="-1">
<or_exp><and_exp></and_exp></or_exp>
</condition>

<Node id="41" bw="32" op_0_bw="32" op_1_bw="0">
<![CDATA[
for.inc:1 %acc_load = load i32 %acc

]]></Node>
<StgValue><ssdm name="acc_load"/></StgValue>
</operation>

<operation id="44" st_id="5" stage="1" lat="1">
<core>Adder</core>
<MemPortIdVec></MemPortIdVec>
<condition id="-1">
<or_exp><and_exp></and_exp></or_exp>
</condition>

<Node id="42" bw="32" op_0_bw="32" op_1_bw="32">
<![CDATA[
for.inc:2 %acc_1 = add i32 %mul_pn, i32 %acc_load

]]></Node>
<StgValue><ssdm name="acc_1"/></StgValue>
</operation>

<operation id="45" st_id="5" stage="1" lat="1">
<core>NULL</core>
<MemPortIdVec></MemPortIdVec>
<condition id="-1">
<or_exp><and_exp></and_exp></or_exp>
</condition>

<Node id="45" bw="0" op_0_bw="32" op_1_bw="32" op_2_bw="0" op_3_bw="0">
<![CDATA[
for.inc:5 %store_ln28 = store i32 %acc_1, i32 %acc

]]></Node>
<StgValue><ssdm name="store_ln28"/></StgValue>
</operation>

<operation id="46" st_id="5" stage="1" lat="1">
<core>NULL</core>
<MemPortIdVec></MemPortIdVec>
<condition id="-1">
<or_exp><and_exp></and_exp></or_exp>
</condition>

<Node id="46" bw="0" op_0_bw="0">
<![CDATA[
for.inc:6 %br_ln28 = br void %for.body

]]></Node>
<StgValue><ssdm name="br_ln28"/></StgValue>
</operation>
</state>
</state_list>


<ports>
</ports>


<dataflows>
</dataflows>


</stg>
