{
  "Top": "fir",
  "RtlTop": "fir",
  "RtlPrefix": "",
  "RtlSubPrefix": "fir_",
  "SourceLanguage": "cpp",
  "HostMachineBits": "64",
  "FunctionProtocol": "ap_ctrl_hs",
  "ResetStyle": "control",
  "Target": {
    "Family": "zynq",
    "Device": "xc7z020",
    "Package": "-clg400",
    "Speed": "-1",
    "Triple": "fpga64-xilinx-none"
  },
  "Args": {
    "y": {
      "index": "0",
      "direction": "out",
      "srcType": "int*",
      "srcSize": "32",
      "hwRefs": [
        {
          "type": "register",
          "interface": "s_axi_control",
          "name": "y",
          "usage": "data",
          "direction": "out"
        },
        {
          "type": "register",
          "interface": "s_axi_control",
          "name": "y_ctrl",
          "usage": "control",
          "direction": "out"
        }
      ]
    },
    "x": {
      "index": "1",
      "direction": "in",
      "srcType": "int",
      "srcSize": "32",
      "hwRefs": [{
          "type": "register",
          "interface": "s_axi_control",
          "name": "x",
          "usage": "data",
          "direction": "in"
        }]
    }
  },
  "HlsSolution": {
    "FlowTarget": "vivado",
    "ConfigTcl": [
      "config_export -format=ip_catalog",
      "config_export -rtl=verilog"
    ],
    "DirectiveTcl": [
      "set_directive_interface -mode s_axilite \"fir\" y",
      "set_directive_interface -mode s_axilite \"fir\" x"
    ],
    "ProfileOption": "0",
    "ProfileType": "none",
    "KernelName": "fir"
  },
  "ClockInfo": {
    "ClockName": "ap_clk",
    "ClockPeriod": "10",
    "Uncertainty": "2.7",
    "IsCombinational": "0",
    "II": "136",
    "Latency": "135"
  },
  "Xdc": {"OocClocks": ["create_clock -name ap_clk -period 10.000 [get_ports ap_clk]"]},
  "Ipx": {
    "Vendor": "xilinx.com",
    "Library": "hls",
    "Name": "fir",
    "Version": "1.0",
    "DisplayName": "Fir",
    "Revision": "2112729860",
    "Description": "An IP generated by Vitis HLS",
    "Taxonomy": "\/VITIS_HLS_IP",
    "AutoFamilySupport": "",
    "ZipFile": "xilinx_com_hls_fir_1_0.zip"
  },
  "Files": {
    "CSource": ["..\/..\/..\/fir128\/fir.cpp"],
    "Vhdl": [
      "impl\/vhdl\/fir_control_s_axi.vhd",
      "impl\/vhdl\/fir_fir_Pipeline_Shift_Accum_Loop.vhd",
      "impl\/vhdl\/fir_fir_Pipeline_Shift_Accum_Loop_fir_int_int_c_ROM_AUTO_1R.vhd",
      "impl\/vhdl\/fir_fir_Pipeline_Shift_Accum_Loop_shift_reg_RAM_AUTO_1R1W.vhd",
      "impl\/vhdl\/fir_flow_control_loop_pipe_sequential_init.vhd",
      "impl\/vhdl\/fir_mul_6s_32s_32_2_1.vhd",
      "impl\/vhdl\/fir.vhd"
    ],
    "Verilog": [
      "impl\/verilog\/fir_control_s_axi.v",
      "impl\/verilog\/fir_fir_Pipeline_Shift_Accum_Loop.v",
      "impl\/verilog\/fir_fir_Pipeline_Shift_Accum_Loop_fir_int_int_c_ROM_AUTO_1R.dat",
      "impl\/verilog\/fir_fir_Pipeline_Shift_Accum_Loop_fir_int_int_c_ROM_AUTO_1R.v",
      "impl\/verilog\/fir_fir_Pipeline_Shift_Accum_Loop_shift_reg_RAM_AUTO_1R1W.dat",
      "impl\/verilog\/fir_fir_Pipeline_Shift_Accum_Loop_shift_reg_RAM_AUTO_1R1W.v",
      "impl\/verilog\/fir_flow_control_loop_pipe_sequential_init.v",
      "impl\/verilog\/fir_mul_6s_32s_32_2_1.v",
      "impl\/verilog\/fir.v"
    ],
    "SwDriver": [
      "impl\/misc\/drivers\/fir_v1_0\/data\/fir.mdd",
      "impl\/misc\/drivers\/fir_v1_0\/data\/fir.tcl",
      "impl\/misc\/drivers\/fir_v1_0\/src\/Makefile",
      "impl\/misc\/drivers\/fir_v1_0\/src\/xfir.c",
      "impl\/misc\/drivers\/fir_v1_0\/src\/xfir.h",
      "impl\/misc\/drivers\/fir_v1_0\/src\/xfir_hw.h",
      "impl\/misc\/drivers\/fir_v1_0\/src\/xfir_linux.c",
      "impl\/misc\/drivers\/fir_v1_0\/src\/xfir_sinit.c"
    ],
    "IpMisc": ["impl\/misc\/logo.png"],
    "CsynthXml": "syn\/report\/csynth.xml",
    "DebugDir": ".debug",
    "KernelXml": ".autopilot\/db\/kernel.internal.xml",
    "Xo": "",
    "XoHlsDir": "",
    "ProtoInst": [".debug\/fir.protoinst"]
  },
  "SubcoreInfo": {
    "HasXpmMemory": false,
    "HasClockedDsp": false,
    "Ip": []
  },
  "Interfaces": {
    "s_axi_control": {
      "type": "axi4lite",
      "busTypeName": "aximm",
      "mode": "slave",
      "dataWidth": "32",
      "addrWidth": "6",
      "portPrefix": "s_axi_control_",
      "paramPrefix": "C_S_AXI_CONTROL_",
      "ports": [
        "s_axi_control_ARADDR",
        "s_axi_control_ARREADY",
        "s_axi_control_ARVALID",
        "s_axi_control_AWADDR",
        "s_axi_control_AWREADY",
        "s_axi_control_AWVALID",
        "s_axi_control_BREADY",
        "s_axi_control_BRESP",
        "s_axi_control_BVALID",
        "s_axi_control_RDATA",
        "s_axi_control_RREADY",
        "s_axi_control_RRESP",
        "s_axi_control_RVALID",
        "s_axi_control_WDATA",
        "s_axi_control_WREADY",
        "s_axi_control_WSTRB",
        "s_axi_control_WVALID"
      ],
      "registers": [
        {
          "offset": "0x00",
          "name": "CTRL",
          "access": "RW",
          "description": "Control signals",
          "range": "32",
          "fields": [
            {
              "offset": "0",
              "width": "1",
              "name": "AP_START",
              "access": "RW",
              "description": "Control signal Register for 'ap_start'."
            },
            {
              "offset": "1",
              "width": "1",
              "name": "AP_DONE",
              "access": "R",
              "description": "Control signal Register for 'ap_done'."
            },
            {
              "offset": "2",
              "width": "1",
              "name": "AP_IDLE",
              "access": "R",
              "description": "Control signal Register for 'ap_idle'."
            },
            {
              "offset": "3",
              "width": "1",
              "name": "AP_READY",
              "access": "R",
              "description": "Control signal Register for 'ap_ready'."
            },
            {
              "offset": "4",
              "width": "3",
              "name": "RESERVED_1",
              "access": "R",
              "description": "Reserved.  0s on read."
            },
            {
              "offset": "7",
              "width": "1",
              "name": "AUTO_RESTART",
              "access": "RW",
              "description": "Control signal Register for 'auto_restart'."
            },
            {
              "offset": "8",
              "width": "1",
              "name": "RESERVED_2",
              "access": "R",
              "description": "Reserved.  0s on read."
            },
            {
              "offset": "9",
              "width": "1",
              "name": "INTERRUPT",
              "access": "R",
              "description": "Control signal Register for 'interrupt'."
            },
            {
              "offset": "10",
              "width": "22",
              "name": "RESERVED_3",
              "access": "R",
              "description": "Reserved.  0s on read."
            }
          ]
        },
        {
          "offset": "0x04",
          "name": "GIER",
          "access": "RW",
          "description": "Global Interrupt Enable Register",
          "range": "32",
          "fields": [
            {
              "offset": "0",
              "width": "1",
              "name": "Enable",
              "access": "RW",
              "description": "Master enable for the device interrupt output to the system interrupt controller: 0 = Disabled, 1 = Enabled"
            },
            {
              "offset": "1",
              "width": "31",
              "name": "RESERVED",
              "access": "R",
              "description": "Reserved.  0s on read."
            }
          ]
        },
        {
          "offset": "0x08",
          "name": "IP_IER",
          "access": "RW",
          "description": "IP Interrupt Enable Register",
          "range": "32",
          "fields": [
            {
              "offset": "0",
              "width": "1",
              "name": "CHAN0_INT_EN",
              "access": "RW",
              "description": "Enable Channel 0 (ap_done) Interrupt.  0 = Disabled, 1 = Enabled."
            },
            {
              "offset": "1",
              "width": "1",
              "name": "CHAN1_INT_EN",
              "access": "RW",
              "description": "Enable Channel 1 (ap_ready) Interrupt.  0 = Disabled, 1 = Enabled."
            },
            {
              "offset": "2",
              "width": "30",
              "name": "RESERVED_0",
              "access": "R",
              "description": "Reserved.  0s on read."
            }
          ]
        },
        {
          "offset": "0x0c",
          "name": "IP_ISR",
          "access": "RW",
          "description": "IP Interrupt Status Register",
          "range": "32",
          "fields": [
            {
              "offset": "0",
              "width": "1",
              "name": "CHAN0_INT_ST",
              "access": "R",
              "description": "Channel 0 (ap_done) Interrupt Status. 0 = No Channel 0 interrupt, 1 = Channel 0 interrupt."
            },
            {
              "offset": "1",
              "width": "1",
              "name": "CHAN1_INT_ST",
              "access": "R",
              "description": "Channel 1 (ap_ready) Interrupt Status. 0 = No Channel 1 interrupt, 1 = Channel 1 interrupt."
            },
            {
              "offset": "2",
              "width": "30",
              "name": "RESERVED_0",
              "access": "R",
              "description": "Reserved.  0s on read."
            }
          ]
        },
        {
          "offset": "0x10",
          "name": "y",
          "access": "R",
          "description": "Data signal of y",
          "range": "32",
          "fields": [{
              "offset": "0",
              "width": "32",
              "name": "y",
              "access": "R",
              "description": "Bit 31 to 0 of y"
            }]
        },
        {
          "offset": "0x14",
          "name": "y_ctrl",
          "access": "R",
          "description": "Control signal of y",
          "range": "32",
          "fields": [
            {
              "offset": "0",
              "width": "1",
              "name": "y_ap_vld",
              "access": "R",
              "description": "Control signal y_ap_vld"
            },
            {
              "offset": "1",
              "width": "31",
              "name": "RESERVED",
              "access": "R",
              "description": "Reserved.  0s on read."
            }
          ]
        },
        {
          "offset": "0x20",
          "name": "x",
          "access": "W",
          "description": "Data signal of x",
          "range": "32",
          "fields": [{
              "offset": "0",
              "width": "32",
              "name": "x",
              "access": "W",
              "description": "Bit 31 to 0 of x"
            }]
        }
      ],
      "constraints": [
        {
          "constraint_type": "pragma interface",
          "mode": "s_axilite",
          "register_option": "0",
          "offset": "16",
          "argName": "y"
        },
        {
          "constraint_type": "pragma interface",
          "mode": "s_axilite",
          "register_option": "0",
          "offset": "32",
          "argName": "x"
        }
      ]
    },
    "ap_clk": {
      "type": "clock",
      "busTypeName": "clock",
      "mode": "slave",
      "busParams": {
        "ASSOCIATED_BUSIF": "s_axi_control",
        "ASSOCIATED_RESET": "ap_rst_n"
      },
      "portMap": {"ap_clk": "CLK"},
      "ports": ["ap_clk"]
    },
    "ap_rst_n": {
      "type": "reset",
      "busTypeName": "reset",
      "mode": "slave",
      "busParams": {"POLARITY": "ACTIVE_LOW"},
      "portMap": {"ap_rst_n": "RST"},
      "ports": ["ap_rst_n"]
    },
    "interrupt": {
      "type": "interrupt",
      "busTypeName": "interrupt",
      "mode": "master",
      "dataWidth": "1",
      "busParams": {"SENSITIVITY": "LEVEL_HIGH"},
      "portMap": {"interrupt": "INTERRUPT"},
      "ports": ["interrupt"]
    }
  },
  "RtlPorts": {
    "s_axi_control_AWVALID": {
      "dir": "in",
      "width": "1"
    },
    "s_axi_control_AWREADY": {
      "dir": "out",
      "width": "1"
    },
    "s_axi_control_AWADDR": {
      "dir": "in",
      "width": "6"
    },
    "s_axi_control_WVALID": {
      "dir": "in",
      "width": "1"
    },
    "s_axi_control_WREADY": {
      "dir": "out",
      "width": "1"
    },
    "s_axi_control_WDATA": {
      "dir": "in",
      "width": "32"
    },
    "s_axi_control_WSTRB": {
      "dir": "in",
      "width": "4"
    },
    "s_axi_control_ARVALID": {
      "dir": "in",
      "width": "1"
    },
    "s_axi_control_ARREADY": {
      "dir": "out",
      "width": "1"
    },
    "s_axi_control_ARADDR": {
      "dir": "in",
      "width": "6"
    },
    "s_axi_control_RVALID": {
      "dir": "out",
      "width": "1"
    },
    "s_axi_control_RREADY": {
      "dir": "in",
      "width": "1"
    },
    "s_axi_control_RDATA": {
      "dir": "out",
      "width": "32"
    },
    "s_axi_control_RRESP": {
      "dir": "out",
      "width": "2"
    },
    "s_axi_control_BVALID": {
      "dir": "out",
      "width": "1"
    },
    "s_axi_control_BREADY": {
      "dir": "in",
      "width": "1"
    },
    "s_axi_control_BRESP": {
      "dir": "out",
      "width": "2"
    },
    "ap_clk": {
      "dir": "in",
      "width": "1"
    },
    "ap_rst_n": {
      "dir": "in",
      "width": "1"
    },
    "interrupt": {
      "dir": "out",
      "width": "1"
    }
  },
  "ModuleInfo": {
    "Hierarchy": {
      "ModuleName": "fir",
      "Instances": [{
          "ModuleName": "fir_Pipeline_Shift_Accum_Loop",
          "InstanceName": "grp_fir_Pipeline_Shift_Accum_Loop_fu_61"
        }]
    },
    "Info": {
      "fir_Pipeline_Shift_Accum_Loop": {
        "FunctionProtocol": "ap_ctrl_hs",
        "isTaskLevelControl": "0",
        "isPipelined": "1",
        "isCombinational": "0",
        "isOneStateSeq": "0"
      },
      "fir": {
        "FunctionProtocol": "ap_ctrl_hs",
        "isTaskLevelControl": "0",
        "isPipelined": "0",
        "isCombinational": "0",
        "isOneStateSeq": "0"
      }
    },
    "Metrics": {
      "fir_Pipeline_Shift_Accum_Loop": {
        "Latency": {
          "LatencyBest": "133",
          "LatencyAvg": "133",
          "LatencyWorst": "133",
          "PipelineII": "133",
          "PipelineDepth": "",
          "PipelineType": "no"
        },
        "Timing": {
          "Target": "10.00",
          "Uncertainty": "2.70",
          "Estimate": "6.912"
        },
        "Loops": [{
            "Name": "Shift_Accum_Loop",
            "TripCount": "128",
            "Latency": "131",
            "PipelineII": "1",
            "PipelineDepth": "5"
          }],
        "Area": {
          "BRAM_18K": "3",
          "AVAIL_BRAM": "280",
          "UTIL_BRAM": "1",
          "DSP": "1",
          "AVAIL_DSP": "220",
          "UTIL_DSP": "~0",
          "FF": "576",
          "AVAIL_FF": "106400",
          "UTIL_FF": "~0",
          "LUT": "276",
          "AVAIL_LUT": "53200",
          "UTIL_LUT": "~0",
          "URAM": "0",
          "AVAIL_URAM": "0",
          "UTIL_URAM": "0"
        }
      },
      "fir": {
        "Latency": {
          "LatencyBest": "135",
          "LatencyAvg": "135",
          "LatencyWorst": "135",
          "PipelineII": "136",
          "PipelineDepth": "",
          "PipelineType": "no"
        },
        "Timing": {
          "Target": "10.00",
          "Uncertainty": "2.70",
          "Estimate": "6.912"
        },
        "Area": {
          "BRAM_18K": "3",
          "AVAIL_BRAM": "280",
          "UTIL_BRAM": "1",
          "DSP": "1",
          "AVAIL_DSP": "220",
          "UTIL_DSP": "~0",
          "FF": "755",
          "AVAIL_FF": "106400",
          "UTIL_FF": "~0",
          "LUT": "503",
          "AVAIL_LUT": "53200",
          "UTIL_LUT": "~0",
          "URAM": "0",
          "AVAIL_URAM": "0",
          "UTIL_URAM": "0"
        }
      }
    }
  },
  "GenerateBdFiles": "0",
  "GenData": {
    "DataVersion": "0.2",
    "Time": "2022-10-17 23:20:04 -0700",
    "ToolName": "vitis_hls",
    "ToolVersion": "2022.1.2"
  }
}
